{
  "usingComponents": {
    "van-tabbar": "@vant/weapp/tabbar/index",
    "van-tabbar-item": "@vant/weapp/tabbar-item/index",
    "van-field": "@vant/weapp/field/index",
    "van-cell": "@vant/weapp/cell/index",
    "van-cell-group": "@vant/weapp/cell-group/index",
    "van-picker": "@vant/weapp/picker/index",
    "van-radio": "@vant/weapp/radio/index",
    "van-radio-group": "@vant/weapp/radio-group/index",
    "van-button": "@vant/weapp/button/index",
    "van-toast": "@vant/weapp/toast/index"
  }
}